keyword,volume,difficulty,business_value
programa para proyectos de arquitectura,50
programas para arquitectos y diseñadores,50
programa arquitectonico,5000
programas para hacer proyectos de arquitectura,50 proyectos arquitectonicos gratis,50
arquitectura programa de necesidades,50
diagrama programa arquitectonico,50
programa arquitectonico casa,50
programa arquitectonico casa habitacion,50
programa arquitectonico casa residencial,50
programa arquitectonico de casa habitacion,50
programa arquitectonico de casa residencial,50
programa arquitectos independientes,0
programa de necesidades arquitectonico,50
programa de necesidades arquitectura,500
programa necesidades arquitectura,50
programa para arquitectos independientes,50
programas arquitectos,50
programas basicos para arquitectura,50
programas de arquitectos,5000
programas para un arquitecto,500
herramienta gestion estudios arquitectura,1
software gestion proyectos interiorismo,1
organizar proyectos de interiorismo,1
control de costes reformas arquitectura,1
app para presupuestos de arquitectura,1
seguimiento de obras para arquitectos,1
crm para diseñadores de interiores,1
software de interiorismo,50
programa de diseño de interiores,500
programa para diseño de interiores,500
programa diseño interiores,500
diseño de interiores app,500
software para diseño de interiores,50
software para diseño de interiores gratis,500
programa de diseño de interiores gratis,500
programas para diseño de interiores gratis,500
software diseño interiores,50
software de diseño de interiores,50
programa diseño interiores online gratis,50
diseño de interiores app online,50
programa diseño interiores gratis,500
programa para diseño de interiores online gratis,50
paginas para diseño de interiores gratis,50
diseño de interiores programa online,50
diseñador de interiores online gratis,500
simulador diseño de interiores,50
programa para hacer diseño de interiores,50
diseño de interiores app pc,50
programa para diseño de interiores online,50
programa de diseño de interiores online gratis,50
mejor programa para diseño de interiores,50
aplicaciones de diseño de interiores para pc gratis,50
aplicaciones para diseñadores de interiores,50
app para diseñadores de interiores,50
diseño de interiores app online gratis,50
diseño de interiores programa gratis online,50
diseño de interiores software online,50
los mejores programas de diseño de interiores,50
los mejores programas para diseño de interiores,50
mejor programa de diseño de interiores,50
mejor programa diseño de interiores,50
mejor programa diseño interiores,50
mejor software diseño interiores,50
mejores programas de diseño de interiores gratis,50
programa de diseño de interiores gratuito,50
programa de necesidades diseño de interiores,50
programa decoración interiores,50
programa diseño de interiores gratis online,50
programa diseño de interiores online gratis,50
programa diseño dormitorios gratis,50
programa diseño interiores gratis online,50
programa diseño interiores online,50
programa gratuito para diseño de interiores,50
programa interiorismo gratis,50
programa interiorismo online,50
programa para diseño de interiores gratis online,50
programa para diseños de interiores,50
programa para interiores,50
programa para remodelar interiores,50
programa sencillo diseño interiores,50
programas de arquitectura y diseño de interiores,50
programas de arquitectura y diseño de interiores gratis,50
programas de diseño de interiores gratis online,50
programas de diseño de interiores gratuitos,50
programas de diseño de interiores online,50
programas de diseño de interiores profesionales,50
programas de interiorismo gratis,50
programas diseños de interiores,500
software de diseño de interiores gratis,50
software de diseño de interiores online,50
software de diseño interiores,50
software diseño interiores gratis,50
software gratis diseño interiores,50
software interiorismo,50
software para interiorismo,50